run_id,policy,outcome
0,treat_none,45849
0,score,50216
0,random,47262
0,causal,50216
0,treat_all,59868
1,treat_none,45574
1,random,46932
1,score,49917
1,causal,49917
1,treat_all,59689
2,random,47141
2,causal,50232
2,score,50232
2,treat_none,45791
2,treat_all,59891
3,treat_none,45726
3,random,47157
3,score,50099
3,treat_all,59903
3,causal,50099
4,causal,49779
4,random,46861
4,treat_none,45464
4,treat_all,59913
4,score,49779
5,score,49957
5,random,46962
5,treat_none,45609
5,treat_all,59760
5,causal,49957
6,causal,50050
6,treat_all,59826
6,score,50050
6,treat_none,45683
6,random,47096
7,random,47169
7,treat_all,59926
7,score,50130
7,treat_none,45767
7,causal,50130
8,treat_all,59941
8,treat_none,45705
8,causal,50091
8,random,46993
8,score,50091
9,causal,50029
9,treat_all,59824
9,score,50029
9,treat_none,45649
9,random,47070
10,treat_none,45834
10,random,47214
10,treat_all,59971
10,causal,50241
10,score,50241
11,score,50120
11,treat_none,45733
11,random,47032
11,causal,50120
11,treat_all,59796
12,treat_none,45639
12,random,47029
12,score,49946
12,causal,49946
12,treat_all,59773
13,random,47109
13,score,50131
13,causal,50131
13,treat_all,59952
13,treat_none,45714
14,random,47020
14,score,50002
14,treat_all,59933
14,causal,50002
14,treat_none,45593
15,causal,50021
15,score,50021
15,random,47156
15,treat_none,45743
15,treat_all,59728
16,score,49949
16,causal,49949
16,random,46967
16,treat_all,59667
16,treat_none,45596
17,causal,50128
17,treat_all,60026
17,random,47111
17,score,50128
17,treat_none,45770
18,score,50039
18,causal,50039
18,treat_all,59726
18,random,47018
18,treat_none,45639
19,treat_none,45770
19,causal,50182
19,random,47190
19,score,50182
19,treat_all,59947
20,treat_none,45699
20,causal,50057
20,random,47132
20,treat_all,59767
20,score,50057
21,treat_none,45491
21,random,46948
21,causal,49993
21,treat_all,59922
21,score,49993
22,score,50231
22,random,47358
22,treat_all,60151
22,treat_none,45916
22,causal,50231
23,causal,50177
23,treat_all,59921
23,random,47219
23,score,50177
23,treat_none,45812
24,causal,50220
24,treat_all,60026
24,score,50220
24,random,47306
24,treat_none,45816
25,score,50252
25,treat_none,45886
25,random,47286
25,causal,50252
25,treat_all,60025
26,treat_none,45778
26,score,50152
26,random,47189
26,causal,50152
26,treat_all,59837
27,treat_none,45510
27,score,49911
27,random,46869
27,causal,49911
27,treat_all,59529
28,random,47140
28,score,50098
28,treat_none,45677
28,causal,50098
28,treat_all,60165
29,treat_all,59910
29,random,47160
29,treat_none,45689
29,causal,50090
29,score,50090
30,treat_all,59726
30,causal,49855
30,random,46942
30,treat_none,45501
30,score,49855
31,score,50337
31,treat_none,45862
31,treat_all,60220
31,causal,50337
31,random,47329
32,treat_all,59823
32,causal,50128
32,score,50128
32,treat_none,45805
32,random,47236
33,treat_all,60182
33,score,50291
33,random,47288
33,causal,50291
33,treat_none,45959
34,treat_all,59876
34,random,47188
34,treat_none,45722
34,causal,50159
34,score,50159
35,treat_all,60165
35,score,50295
35,random,47448
35,causal,50295
35,treat_none,45966
36,treat_all,59863
36,score,50150
36,causal,50150
36,random,47092
36,treat_none,45688
37,treat_all,60158
37,random,47349
37,score,50378
37,treat_none,45974
37,causal,50378
38,causal,50148
38,treat_none,45752
38,treat_all,59990
38,score,50148
38,random,47151
39,score,50014
39,treat_all,59999
39,treat_none,45655
39,causal,50014
39,random,47019
40,treat_all,59774
40,treat_none,45729
40,random,47096
40,causal,50165
40,score,50165
41,treat_none,46102
41,treat_all,60236
41,causal,50519
41,score,50519
41,random,47509
42,treat_none,45706
42,score,50057
42,causal,50057
42,random,47169
42,treat_all,59924
43,treat_all,59819
43,random,47126
43,treat_none,45674
43,causal,50123
43,score,50123
44,random,47236
44,treat_none,45807
44,causal,50237
44,score,50237
44,treat_all,59960
45,causal,50250
45,treat_none,45870
45,score,50250
45,random,47243
45,treat_all,59988
46,treat_all,60119
46,score,50122
46,treat_none,45693
46,random,47082
46,causal,50122
47,score,50086
47,treat_none,45683
47,treat_all,59788
47,random,47114
47,causal,50086
48,random,47176
48,score,50127
48,treat_none,45734
48,treat_all,59966
48,causal,50127
49,treat_none,45725
49,treat_all,59888
49,score,50107
49,causal,50107
49,random,47149
50,random,47031
50,causal,50059
50,score,50059
50,treat_all,59852
50,treat_none,45660
51,causal,49930
51,treat_none,45568
51,random,46924
51,treat_all,59685
51,score,49930
52,treat_none,45395
52,score,49792
52,treat_all,59606
52,causal,49792
52,random,46824
53,treat_none,45688
53,random,47128
53,score,50011
53,causal,50011
53,treat_all,59791
54,random,47283
54,treat_all,59871
54,causal,50280
54,treat_none,45898
54,score,50280
55,random,47188
55,causal,50160
55,treat_none,45816
55,treat_all,59994
55,score,50160
56,treat_none,45653
56,random,47115
56,causal,50090
56,treat_all,59941
56,score,50090
57,random,47217
57,score,50166
57,causal,50166
57,treat_all,59967
57,treat_none,45716
58,causal,50145
58,score,50145
58,treat_all,59874
58,random,47118
58,treat_none,45748
59,treat_none,45572
59,score,49981
59,treat_all,59802
59,random,47012
59,causal,49981
60,treat_none,45542
60,score,49948
60,treat_all,59679
60,causal,49948
60,random,46966
61,score,49907
61,random,46892
61,causal,49907
61,treat_all,59850
61,treat_none,45474
62,score,49960
62,causal,49960
62,random,46917
62,treat_all,59767
62,treat_none,45543
63,score,49918
63,random,47003
63,treat_none,45595
63,treat_all,59839
63,causal,49918
64,treat_none,45824
64,score,50222
64,random,47174
64,causal,50222
64,treat_all,59968
65,random,47038
65,causal,49950
65,treat_none,45614
65,score,49950
65,treat_all,59723
66,treat_all,59826
66,causal,50193
66,random,47193
66,treat_none,45809
66,score,50193
67,treat_all,59880
67,treat_none,45543
67,causal,49976
67,random,47018
67,score,49976
68,score,50158
68,treat_none,45752
68,random,47215
68,treat_all,60017
68,causal,50158
69,treat_all,59859
69,causal,50091
69,score,50091
69,random,47126
69,treat_none,45684
70,score,49963
70,random,46844
70,causal,49963
70,treat_none,45462
70,treat_all,59746
71,score,50200
71,treat_none,45806
71,causal,50200
71,random,47279
71,treat_all,59862
72,score,50266
72,treat_none,45845
72,treat_all,60081
72,causal,50266
72,random,47303
73,score,50207
73,random,47133
73,treat_none,45712
73,causal,50207
73,treat_all,59959
74,random,47029
74,treat_all,59946
74,treat_none,45646
74,causal,50018
74,score,50018
75,score,50185
75,causal,50185
75,random,47091
75,treat_all,59949
75,treat_none,45755
76,treat_none,45672
76,treat_all,59620
76,score,49959
76,causal,49959
76,random,47049
77,treat_none,45844
77,random,47206
77,treat_all,59761
77,score,50250
77,causal,50250
78,random,47031
78,treat_all,59748
78,score,49988
78,treat_none,45611
78,causal,49988
79,treat_none,45706
79,random,47109
79,treat_all,59764
79,score,50130
79,causal,50130
80,score,49983
80,causal,49983
80,random,47075
80,treat_none,45638
80,treat_all,59820
81,random,47181
81,score,50167
81,treat_all,59911
81,causal,50167
81,treat_none,45742
82,treat_none,45852
82,score,50205
82,random,47275
82,causal,50205
82,treat_all,59902
83,treat_none,45750
83,score,50109
83,random,47078
83,treat_all,59820
83,causal,50109
84,score,50124
84,causal,50124
84,random,47144
84,treat_all,59718
84,treat_none,45744
85,score,50041
85,treat_none,45606
85,treat_all,59909
85,random,47058
85,causal,50041
86,treat_none,45962
86,treat_all,59979
86,random,47412
86,score,50393
86,causal,50393
87,causal,50094
87,treat_all,60035
87,treat_none,45716
87,score,50094
87,random,47124
88,causal,49985
88,score,49985
88,treat_all,59929
88,treat_none,45609
88,random,47078
89,score,50070
89,treat_none,45715
89,treat_all,60075
89,causal,50070
89,random,47094
90,random,47250
90,score,50141
90,causal,50141
90,treat_none,45791
90,treat_all,60036
91,score,49959
91,random,47016
91,causal,49959
91,treat_none,45614
91,treat_all,59757
92,causal,50336
92,treat_none,45992
92,treat_all,59968
92,score,50336
92,random,47384
93,treat_none,45739
93,treat_all,59829
93,score,50088
93,causal,50088
93,random,47142
94,treat_none,45829
94,score,50207
94,random,47294
94,causal,50207
94,treat_all,59741
95,random,46987
95,causal,50080
95,treat_none,45664
95,treat_all,59840
95,score,50080
96,treat_all,59897
96,random,47056
96,causal,50059
96,treat_none,45676
96,score,50059
97,treat_none,45494
97,treat_all,59798
97,score,49979
97,causal,49979
97,random,46931
98,score,50048
98,treat_none,45696
98,causal,50048
98,treat_all,59861
98,random,47069
99,treat_none,45638
99,causal,49974
99,random,47043
99,treat_all,59659
99,score,49974
100,score,50228
100,causal,50228
100,treat_none,45813
100,treat_all,60054
100,random,47231
101,causal,50004
101,treat_none,45630
101,random,47103
101,treat_all,59903
101,score,50004
102,random,47038
102,treat_all,60017
102,causal,50026
102,score,50026
102,treat_none,45605
103,causal,49919
103,random,46918
103,score,49919
103,treat_none,45524
103,treat_all,59565
104,treat_all,60029
104,random,47323
104,causal,50305
104,score,50305
104,treat_none,45888
105,causal,49955
105,random,46813
105,treat_all,59683
105,treat_none,45437
105,score,49955
106,treat_all,60067
106,treat_none,45795
106,causal,50202
106,score,50202
106,random,47210
107,treat_none,45907
107,random,47322
107,causal,50335
107,score,50335
107,treat_all,60165
108,treat_all,59901
108,causal,49991
108,score,49991
108,treat_none,45561
108,random,46965
109,causal,49917
109,treat_none,45552
109,treat_all,59605
109,score,49917
109,random,46971
110,causal,49891
110,random,46859
110,treat_all,59781
110,score,49891
110,treat_none,45462
111,treat_all,59726
111,score,50047
111,random,47026
111,treat_none,45666
111,causal,50047
112,treat_all,59632
112,causal,49862
112,treat_none,45482
112,random,46860
112,score,49862
113,score,50166
113,random,47149
113,treat_none,45814
113,causal,50166
113,treat_all,59963
114,random,47092
114,treat_none,45618
114,score,49994
114,causal,49994
114,treat_all,60000
115,treat_all,60040
115,score,50156
115,treat_none,45767
115,causal,50156
115,random,47214
116,score,50075
116,treat_none,45724
116,random,47197
116,causal,50075
116,treat_all,59940
117,score,50192
117,treat_all,60085
117,treat_none,45745
117,causal,50192
117,random,47172
118,score,50182
118,causal,50182
118,treat_none,45745
118,random,47175
118,treat_all,59853
119,treat_none,45656
119,causal,49985
119,random,47060
119,treat_all,59763
119,score,49985
120,random,47089
120,treat_none,45657
120,causal,50003
120,treat_all,59956
120,score,50003
121,treat_none,45933
121,causal,50294
121,treat_all,60251
121,random,47386
121,score,50294
122,random,47409
122,causal,50421
122,treat_none,46045
122,treat_all,59992
122,score,50421
123,causal,50114
123,treat_all,59919
123,score,50114
123,treat_none,45786
123,random,47218
124,random,46853
124,treat_all,59615
124,score,49799
124,treat_none,45451
124,causal,49799
125,random,47159
125,score,50137
125,treat_none,45754
125,treat_all,59877
125,causal,50137
126,treat_none,45696
126,treat_all,59855
126,causal,50088
126,score,50088
126,random,47102
127,causal,49917
127,treat_all,59669
127,treat_none,45616
127,score,49917
127,random,47029
128,random,47103
128,treat_all,59907
128,treat_none,45681
128,causal,50068
128,score,50068
129,random,47241
129,causal,50220
129,treat_all,59952
129,score,50220
129,treat_none,45800
130,treat_none,45821
130,causal,50170
130,score,50170
130,random,47216
130,treat_all,59870
131,treat_none,45537
131,causal,49860
131,treat_all,59725
131,score,49860
131,random,46958
132,treat_all,59798
132,causal,49913
132,random,46938
132,treat_none,45533
132,score,49913
133,causal,50023
133,random,47047
133,treat_none,45633
133,treat_all,59834
133,score,50023
134,treat_all,59773
134,random,47055
134,causal,50036
134,score,50036
134,treat_none,45645
135,score,50053
135,treat_none,45651
135,treat_all,59722
135,random,47070
135,causal,50053
136,treat_all,59953
136,treat_none,45788
136,random,47169
136,score,50175
136,causal,50175
137,score,50006
137,treat_all,59744
137,treat_none,45638
137,random,47029
137,causal,50006
138,treat_all,59692
138,causal,49973
138,score,49973
138,treat_none,45554
138,random,46986
139,causal,50336
139,score,50336
139,treat_all,60075
139,treat_none,45905
139,random,47346
140,treat_all,59900
140,causal,50088
140,treat_none,45725
140,random,47200
140,score,50088
141,treat_all,60004
141,random,47225
141,score,50263
141,treat_none,45821
141,causal,50263
142,random,46932
142,score,49885
142,treat_all,59755
142,causal,49885
142,treat_none,45535
143,treat_all,59755
143,causal,49857
143,score,49857
143,treat_none,45495
143,random,46925
144,score,50188
144,causal,50188
144,treat_none,45829
144,treat_all,59996
144,random,47231
145,score,50133
145,random,47197
145,causal,50133
145,treat_none,45759
145,treat_all,59832
146,random,47182
146,causal,50111
146,score,50111
146,treat_none,45664
146,treat_all,60114
147,causal,50004
147,treat_none,45550
147,score,50004
147,treat_all,59754
147,random,47028
148,treat_all,59882
148,treat_none,45763
148,causal,50068
148,score,50068
148,random,47181
149,causal,49773
149,random,46850
149,treat_none,45392
149,score,49773
149,treat_all,59709
150,treat_all,60022
150,random,47178
150,score,50143
150,causal,50143
150,treat_none,45721
151,treat_all,59931
151,score,50030
151,causal,50030
151,random,47122
151,treat_none,45662
152,score,50076
152,causal,50076
152,random,47199
152,treat_none,45771
152,treat_all,59796
153,random,47283
153,causal,50191
153,score,50191
153,treat_all,60029
153,treat_none,45913
154,random,46942
154,treat_none,45517
154,causal,49947
154,treat_all,59596
154,score,49947
155,causal,49966
155,treat_none,45579
155,random,47089
155,treat_all,59955
155,score,49966
156,score,49798
156,causal,49798
156,random,46834
156,treat_all,59798
156,treat_none,45477
157,treat_none,45286
157,score,49707
157,treat_all,59469
157,causal,49707
157,random,46702
158,score,50038
158,random,47029
158,treat_all,59784
158,causal,50038
158,treat_none,45663
159,random,47401
159,treat_none,45986
159,score,50328
159,treat_all,60186
159,causal,50328
160,treat_none,45725
160,random,47185
160,score,50089
160,treat_all,59826
160,causal,50089
161,score,49960
161,causal,49960
161,treat_none,45594
161,treat_all,59839
161,random,47021
162,causal,50101
162,treat_all,59773
162,treat_none,45662
162,score,50101
162,random,47123
163,random,46819
163,causal,49829
163,treat_all,59585
163,treat_none,45428
163,score,49829
164,causal,50083
164,treat_none,45751
164,score,50083
164,treat_all,59910
164,random,47191
165,treat_none,45537
165,causal,49865
165,random,46993
165,score,49865
165,treat_all,59871
166,score,49904
166,treat_all,59759
166,causal,49904
166,random,46906
166,treat_none,45559
167,treat_all,60016
167,score,50127
167,causal,50127
167,treat_none,45714
167,random,47168
168,score,50005
168,random,47164
168,treat_all,59670
168,causal,50005
168,treat_none,45688
169,treat_none,45743
169,random,47226
169,score,50173
169,causal,50173
169,treat_all,59944
170,score,49979
170,random,46998
170,causal,49979
170,treat_all,59569
170,treat_none,45605
171,score,50014
171,treat_all,59501
171,treat_none,45546
171,random,46953
171,causal,50014
172,treat_all,60166
172,random,47334
172,causal,50439
172,score,50439
172,treat_none,45980
173,score,50258
173,treat_all,59885
173,treat_none,45878
173,random,47275
173,causal,50258
174,treat_none,45618
174,score,50040
174,causal,50040
174,random,47031
174,treat_all,59816
175,causal,50042
175,random,47029
175,treat_all,59763
175,treat_none,45608
175,score,50042
176,score,50008
176,causal,50008
176,treat_all,59710
176,random,47086
176,treat_none,45670
177,causal,50273
177,treat_none,45848
177,random,47294
177,treat_all,60031
177,score,50273
178,random,47008
178,treat_all,59998
178,causal,50035
178,score,50035
178,treat_none,45623
179,treat_none,45430
179,random,46841
179,causal,49836
179,treat_all,59875
179,score,49836
180,treat_none,45547
180,treat_all,59885
180,random,46935
180,causal,49976
180,score,49976
181,causal,50276
181,score,50276
181,treat_all,60191
181,random,47300
181,treat_none,45866
182,score,50106
182,treat_none,45699
182,treat_all,59798
182,causal,50106
182,random,47115
183,score,49956
183,random,47029
183,treat_none,45658
183,treat_all,59677
183,causal,49956
184,score,50147
184,random,47163
184,treat_none,45746
184,causal,50147
184,treat_all,59833
185,causal,50246
185,random,47285
185,treat_all,59989
185,score,50246
185,treat_none,45885
186,random,47239
186,treat_all,59905
186,score,50258
186,causal,50258
186,treat_none,45880
187,score,49945
187,treat_all,59777
187,random,46897
187,causal,49945
187,treat_none,45536
188,causal,50009
188,treat_all,59663
188,treat_none,45580
188,random,47012
188,score,50009
189,causal,50031
189,random,47161
189,score,50031
189,treat_none,45694
189,treat_all,59817
190,treat_none,45796
190,score,50206
190,treat_all,60041
190,causal,50206
190,random,47194
191,treat_all,59818
191,random,47071
191,score,50035
191,treat_none,45605
191,causal,50035
192,score,50095
192,causal,50095
192,treat_none,45648
192,treat_all,59828
192,random,47059
193,score,50520
193,causal,50520
193,treat_all,60160
193,treat_none,46165
193,random,47524
194,score,50111
194,treat_none,45665
194,causal,50111
194,treat_all,59785
194,random,47087
195,random,47208
195,treat_all,60024
195,score,50222
195,treat_none,45842
195,causal,50222
196,random,47164
196,treat_none,45773
196,score,50259
196,causal,50259
196,treat_all,60012
197,score,49750
197,treat_none,45371
197,causal,49750
197,treat_all,59506
197,random,46835
198,causal,50077
198,random,47137
198,treat_all,59795
198,score,50077
198,treat_none,45715
199,score,49930
199,causal,49930
199,treat_all,59866
199,random,46942
199,treat_none,45534
200,treat_all,59832
200,random,47019
200,score,49996
200,causal,49996
200,treat_none,45553
201,score,50094
201,treat_all,60018
201,causal,50094
201,random,47089
201,treat_none,45614
202,treat_all,59900
202,random,47284
202,causal,50257
202,treat_none,45899
202,score,50257
203,random,47255
203,treat_all,60022
203,causal,50132
203,treat_none,45755
203,score,50132
204,treat_none,45468
204,random,46848
204,treat_all,59656
204,score,49826
204,causal,49826
205,random,47054
205,treat_all,59961
205,causal,50121
205,treat_none,45691
205,score,50121
206,random,47205
206,score,50244
206,treat_all,60032
206,causal,50244
206,treat_none,45873
207,treat_all,60021
207,random,47348
207,causal,50262
207,treat_none,45925
207,score,50262
208,treat_all,59933
208,random,47237
208,causal,50201
208,treat_none,45840
208,score,50201
209,random,47072
209,causal,50011
209,treat_all,59866
209,treat_none,45661
209,score,50011
210,treat_none,45513
210,random,46948
210,score,49985
210,causal,49985
210,treat_all,59777
211,score,50137
211,treat_all,59714
211,treat_none,45795
211,causal,50137
211,random,47123
212,score,49982
212,treat_none,45612
212,causal,49982
212,treat_all,59775
212,random,47028
213,score,49800
213,treat_all,59658
213,treat_none,45403
213,random,46816
213,causal,49800
214,treat_all,59859
214,score,50091
214,causal,50091
214,random,47119
214,treat_none,45734
215,causal,50025
215,random,46966
215,treat_all,60025
215,score,50025
215,treat_none,45560
216,causal,50034
216,treat_all,59864
216,random,47120
216,score,50034
216,treat_none,45682
217,treat_all,59928
217,random,47245
217,score,50229
217,causal,50229
217,treat_none,45811
218,score,50247
218,random,47250
218,treat_all,60031
218,causal,50247
218,treat_none,45826
219,treat_none,45664
219,random,47031
219,treat_all,59831
219,score,50049
219,causal,50049
220,treat_none,45634
220,score,50033
220,random,47011
220,causal,50033
220,treat_all,59774
221,treat_all,59636
221,random,47067
221,score,49971
221,causal,49971
221,treat_none,45585
222,score,49845
222,random,46873
222,causal,49845
222,treat_all,59603
222,treat_none,45473
223,causal,50170
223,treat_all,60031
223,score,50170
223,random,47128
223,treat_none,45781
224,score,50180
224,random,47212
224,treat_none,45794
224,treat_all,59789
224,causal,50180
225,causal,50200
225,treat_all,59718
225,random,47156
225,treat_none,45794
225,score,50200
226,causal,49904
226,random,46833
226,treat_none,45469
226,score,49904
226,treat_all,59617
227,treat_all,59931
227,random,47209
227,treat_none,45775
227,score,50090
227,causal,50090
228,score,50003
228,treat_none,45634
228,random,47152
228,treat_all,59804
228,causal,50003
229,score,50148
229,treat_none,45759
229,treat_all,59868
229,random,47186
229,causal,50148
230,treat_all,60276
230,causal,50413
230,random,47428
230,score,50413
230,treat_none,45994
231,causal,50320
231,random,47375
231,treat_all,60180
231,score,50320
231,treat_none,45924
232,causal,50081
232,treat_none,45751
232,random,47156
232,score,50081
232,treat_all,59671
233,treat_none,45659
233,score,50003
233,random,47050
233,treat_all,59723
233,causal,50003
234,random,46935
234,score,50006
234,causal,50006
234,treat_none,45600
234,treat_all,59661
235,random,47175
235,treat_all,59981
235,causal,50167
235,treat_none,45722
235,score,50167
236,random,46864
236,causal,49906
236,treat_none,45437
236,treat_all,59867
236,score,49906
237,treat_all,59904
237,random,47296
237,treat_none,45852
237,causal,50305
237,score,50305
238,causal,49942
238,random,46922
238,score,49942
238,treat_all,59847
238,treat_none,45448
239,treat_all,60210
239,causal,50430
239,random,47395
239,score,50430
239,treat_none,45999
240,treat_all,59613
240,score,49929
240,treat_none,45624
240,random,47051
240,causal,49929
241,score,50335
241,treat_none,45909
241,causal,50335
241,random,47331
241,treat_all,60057
242,random,47134
242,causal,49988
242,score,49988
242,treat_none,45672
242,treat_all,59962
243,causal,49978
243,random,46941
243,treat_all,59738
243,score,49978
243,treat_none,45555
244,score,50201
244,treat_none,45841
244,treat_all,59776
244,causal,50201
244,random,47201
245,causal,50309
245,treat_none,45913
245,treat_all,59956
245,score,50309
245,random,47365
246,treat_none,45875
246,causal,50246
246,treat_all,59924
246,score,50246
246,random,47237
247,causal,50146
247,score,50146
247,treat_all,59766
247,random,47232
247,treat_none,45822
248,score,50124
248,random,47316
248,treat_all,59852
248,causal,50124
248,treat_none,45788
249,random,46965
249,treat_none,45609
249,treat_all,59607
249,score,49939
249,causal,49939
250,causal,50051
250,treat_all,60018
250,random,47061
250,score,50051
250,treat_none,45626
251,score,49963
251,random,46962
251,treat_none,45580
251,causal,49963
251,treat_all,59784
252,treat_none,45735
252,treat_all,60118
252,random,47156
252,score,50186
252,causal,50186
253,random,47092
253,treat_none,45621
253,causal,50031
253,treat_all,59846
253,score,50031
254,causal,50071
254,treat_none,45677
254,treat_all,59864
254,score,50071
254,random,47114
255,treat_none,45495
255,treat_all,59887
255,score,49833
255,causal,49833
255,random,46905
256,random,47127
256,treat_none,45753
256,score,50204
256,treat_all,59914
256,causal,50204
257,score,50037
257,treat_all,59809
257,random,47124
257,causal,50037
257,treat_none,45678
258,causal,50031
258,score,50031
258,random,47040
258,treat_all,59929
258,treat_none,45646
259,score,50377
259,random,47424
259,treat_all,60112
259,causal,50377
259,treat_none,45986
260,causal,50323
260,random,47298
260,score,50323
260,treat_none,45872
260,treat_all,60146
261,score,49962
261,treat_none,45569
261,treat_all,59711
261,random,46914
261,causal,49962
262,random,47041
262,treat_all,60035
262,causal,50112
262,treat_none,45669
262,score,50112
263,causal,50190
263,treat_all,60169
263,treat_none,45710
263,random,47126
263,score,50190
264,causal,49764
264,score,49764
264,treat_all,59536
264,random,46864
264,treat_none,45426
265,causal,50209
265,treat_all,60015
265,treat_none,45813
265,random,47239
265,score,50209
266,causal,50117
266,treat_none,45737
266,score,50117
266,random,47209
266,treat_all,59940
267,random,47206
267,treat_none,45781
267,treat_all,59927
267,score,50126
267,causal,50126
268,treat_all,59778
268,treat_none,45680
268,random,47161
268,score,50052
268,causal,50052
269,random,47110
269,treat_all,59760
269,score,50164
269,causal,50164
269,treat_none,45748
270,score,50020
270,treat_all,59781
270,treat_none,45655
270,random,47131
270,causal,50020
271,treat_none,45760
271,treat_all,59916
271,random,47129
271,causal,50150
271,score,50150
272,causal,49899
272,treat_none,45506
272,score,49899
272,random,46977
272,treat_all,59740
273,causal,50048
273,treat_none,45601
273,treat_all,59817
273,random,46960
273,score,50048
274,random,47214
274,score,50075
274,treat_all,59906
274,treat_none,45724
274,causal,50075
275,random,46975
275,treat_none,45593
275,score,49884
275,treat_all,59667
275,causal,49884
276,treat_none,45540
276,random,46970
276,score,49939
276,treat_all,59834
276,causal,49939
277,causal,50036
277,treat_all,59695
277,random,47058
277,treat_none,45647
277,score,50036
278,treat_all,59651
278,score,49920
278,random,46872
278,causal,49920
278,treat_none,45472
279,treat_all,60141
279,random,47393
279,treat_none,45958
279,causal,50277
279,score,50277
280,random,47254
280,score,50258
280,treat_all,59998
280,treat_none,45845
280,causal,50258
281,treat_none,45547
281,causal,49922
281,random,46898
281,score,49922
281,treat_all,59670
282,causal,50143
282,score,50143
282,treat_none,45678
282,random,47122
282,treat_all,60023
283,score,50176
283,treat_none,45720
283,treat_all,59775
283,random,47182
283,causal,50176
284,score,50052
284,causal,50052
284,treat_none,45725
284,random,47070
284,treat_all,59927
285,treat_all,59866
285,causal,50213
285,treat_none,45788
285,score,50213
285,random,47234
286,treat_none,45913
286,score,50327
286,treat_all,59830
286,causal,50327
286,random,47362
287,random,47256
287,treat_none,45809
287,score,50254
287,treat_all,60028
287,causal,50254
288,treat_all,59629
288,causal,50002
288,random,46906
288,treat_none,45538
288,score,50002
289,treat_none,45672
289,random,47155
289,treat_all,59696
289,causal,50020
289,score,50020
290,treat_none,45809
290,treat_all,59920
290,random,47250
290,score,50131
290,causal,50131
291,treat_none,45627
291,causal,50018
291,treat_all,59889
291,random,47071
291,score,50018
292,score,50496
292,treat_none,46125
292,treat_all,60237
292,causal,50496
292,random,47574
293,random,47146
293,treat_none,45720
293,treat_all,59854
293,causal,50064
293,score,50064
294,treat_all,59867
294,score,50196
294,causal,50196
294,random,47183
294,treat_none,45751
295,treat_none,45786
295,score,50162
295,random,47254
295,causal,50162
295,treat_all,59942
296,score,50176
296,random,47214
296,causal,50176
296,treat_all,60139
296,treat_none,45737
297,treat_none,45693
297,random,47109
297,causal,50114
297,score,50114
297,treat_all,59730
298,score,50421
298,random,47363
298,treat_none,45965
298,causal,50421
298,treat_all,60054
299,random,47061
299,causal,50003
299,score,50003
299,treat_none,45632
299,treat_all,59797
300,treat_all,59963
300,causal,50158
300,treat_none,45735
300,random,47187
300,score,50158
301,treat_all,59990
301,treat_none,45782
301,score,50226
301,random,47206
301,causal,50226
302,random,47167
302,treat_all,60010
302,causal,50137
302,treat_none,45720
302,score,50137
303,treat_none,45483
303,treat_all,59669
303,causal,49944
303,random,46904
303,score,49944
304,treat_all,59691
304,causal,49877
304,score,49877
304,random,46943
304,treat_none,45454
305,score,50349
305,causal,50349
305,treat_none,45857
305,treat_all,59965
305,random,47216
306,random,47410
306,treat_none,45997
306,causal,50478
306,treat_all,60375
306,score,50478
307,random,47247
307,causal,50161
307,score,50161
307,treat_all,59808
307,treat_none,45861
308,causal,50055
308,treat_all,59914
308,score,50055
308,random,46986
308,treat_none,45705
309,score,50211
309,random,47256
309,causal,50211
309,treat_none,45845
309,treat_all,59868
310,treat_all,59864
310,score,50194
310,random,47218
310,causal,50194
310,treat_none,45797
311,treat_all,59692
311,causal,49991
311,treat_none,45603
311,score,49991
311,random,46981
312,treat_none,45528
312,random,46898
312,score,49972
312,causal,49972
312,treat_all,59875
313,score,50328
313,treat_none,45789
313,causal,50328
313,random,47213
313,treat_all,60058
314,random,47164
314,score,50109
314,causal,50109
314,treat_none,45712
314,treat_all,59875
315,treat_all,59966
315,causal,50204
315,score,50204
315,treat_none,45812
315,random,47263
316,random,47268
316,treat_all,59857
316,score,50217
316,treat_none,45886
316,causal,50217
317,treat_all,59820
317,causal,49932
317,score,49932
317,random,46946
317,treat_none,45551
318,treat_all,59870
318,score,50076
318,causal,50076
318,random,47177
318,treat_none,45751
319,score,50199
319,treat_all,59732
319,random,47163
319,causal,50199
319,treat_none,45853
320,causal,50129
320,random,47187
320,treat_all,60005
320,treat_none,45700
320,score,50129
321,treat_none,45699
321,score,50078
321,treat_all,59900
321,random,47157
321,causal,50078
322,score,50215
322,random,47287
322,treat_none,45868
322,treat_all,59951
322,causal,50215
323,causal,49897
323,treat_none,45524
323,random,46911
323,treat_all,59702
323,score,49897
324,treat_none,45781
324,score,50137
324,treat_all,59948
324,random,47179
324,causal,50137
325,score,50122
325,random,47187
325,treat_none,45778
325,causal,50122
325,treat_all,59996
326,score,50334
326,treat_none,45990
326,treat_all,60138
326,random,47444
326,causal,50334
327,score,50162
327,random,47112
327,causal,50162
327,treat_none,45723
327,treat_all,59919
328,causal,50077
328,score,50077
328,treat_none,45612
328,treat_all,59795
328,random,47009
329,treat_none,45734
329,random,47240
329,causal,50153
329,score,50153
329,treat_all,60075
330,random,46911
330,causal,49885
330,treat_none,45462
330,treat_all,59801
330,score,49885
331,random,47059
331,treat_all,59831
331,treat_none,45576
331,causal,49993
331,score,49993
332,causal,50022
332,treat_none,45644
332,treat_all,59744
332,score,50022
332,random,47116
333,score,50191
333,treat_all,59933
333,random,47191
333,causal,50191
333,treat_none,45817
334,treat_all,59690
334,causal,50010
334,score,50010
334,treat_none,45576
334,random,46988
335,score,50178
335,causal,50178
335,random,47278
335,treat_all,59805
335,treat_none,45880
336,treat_none,45606
336,random,47036
336,causal,50023
336,treat_all,59775
336,score,50023
337,treat_all,59850
337,causal,50177
337,random,47104
337,treat_none,45737
337,score,50177
338,treat_all,59760
338,treat_none,45563
338,causal,50067
338,random,46921
338,score,50067
339,score,49851
339,random,46944
339,causal,49851
339,treat_all,59780
339,treat_none,45509
340,treat_none,45437
340,score,49825
340,causal,49825
340,random,46889
340,treat_all,59562
341,random,47072
341,treat_none,45642
341,score,50114
341,treat_all,59968
341,causal,50114
342,score,50277
342,treat_none,45816
342,causal,50277
342,treat_all,60072
342,random,47252
343,treat_none,45531
343,random,46952
343,score,49993
343,causal,49993
343,treat_all,59880
344,treat_none,45675
344,causal,50041
344,treat_all,59740
344,score,50041
344,random,47088
345,treat_all,59496
345,treat_none,45508
345,causal,49891
345,score,49891
345,random,46892
346,score,50029
346,random,47073
346,treat_all,59779
346,causal,50029
346,treat_none,45665
347,causal,50055
347,score,50055
347,random,47045
347,treat_all,59791
347,treat_none,45680
348,score,50063
348,random,47141
348,treat_none,45692
348,treat_all,59849
348,causal,50063
349,causal,50097
349,score,50097
349,random,47076
349,treat_none,45719
349,treat_all,59788
350,treat_all,59704
350,random,47005
350,treat_none,45597
350,score,50014
350,causal,50014
351,random,47118
351,score,50039
351,causal,50039
351,treat_all,59763
351,treat_none,45636
352,treat_all,59786
352,treat_none,45611
352,random,47016
352,score,49899
352,causal,49899
353,score,50200
353,treat_none,45770
353,random,47102
353,causal,50200
353,treat_all,60033
354,treat_none,45633
354,random,46968
354,score,49946
354,treat_all,59723
354,causal,49946
355,causal,50092
355,score,50092
355,treat_all,59837
355,random,47165
355,treat_none,45755
356,score,50129
356,treat_none,45750
356,treat_all,59737
356,random,47108
356,causal,50129
357,causal,49851
357,treat_none,45432
357,score,49851
357,treat_all,59556
357,random,46799
358,treat_none,45623
358,score,50024
358,random,47051
358,treat_all,59732
358,causal,50024
359,causal,50050
359,random,47136
359,treat_all,59749
359,score,50050
359,treat_none,45703
360,random,47116
360,causal,50058
360,treat_none,45695
360,score,50058
360,treat_all,59732
361,causal,49781
361,random,46878
361,score,49781
361,treat_all,59622
361,treat_none,45457
362,score,50322
362,treat_all,60006
362,causal,50322
362,random,47268
362,treat_none,45893
363,treat_none,45682
363,score,50119
363,causal,50119
363,random,47075
363,treat_all,59889
364,treat_all,60155
364,random,47212
364,score,50244
364,treat_none,45755
364,causal,50244
365,score,50048
365,treat_none,45698
365,treat_all,59893
365,random,47116
365,causal,50048
366,score,50172
366,random,47236
366,treat_none,45821
366,treat_all,59790
366,causal,50172
367,causal,50047
367,treat_none,45664
367,treat_all,59778
367,score,50047
367,random,47111
368,causal,50103
368,random,47104
368,score,50103
368,treat_none,45700
368,treat_all,59879
369,treat_none,45536
369,score,50054
369,random,46957
369,treat_all,59782
369,causal,50054
370,score,50154
370,treat_none,45714
370,random,47099
370,treat_all,59873
370,causal,50154
371,treat_all,59800
371,treat_none,45598
371,causal,49957
371,score,49957
371,random,46955
372,treat_all,59815
372,treat_none,45666
372,causal,50006
372,score,50006
372,random,47025
373,treat_none,45573
373,random,46965
373,causal,49937
373,score,49937
373,treat_all,59735
374,treat_none,45578
374,random,46970
374,treat_all,59766
374,score,49947
374,causal,49947
375,treat_all,59788
375,causal,49993
375,treat_none,45530
375,score,49993
375,random,46951
376,causal,50048
376,treat_none,45666
376,score,50048
376,random,47126
376,treat_all,59836
377,treat_all,59807
377,random,47047
377,causal,49996
377,score,49996
377,treat_none,45630
378,score,50279
378,treat_none,45935
378,treat_all,59912
378,random,47299
378,causal,50279
379,score,49939
379,treat_none,45668
379,random,47047
379,causal,49939
379,treat_all,59739
380,treat_all,59810
380,treat_none,45615
380,causal,49992
380,random,46958
380,score,49992
381,random,47015
381,causal,49991
381,score,49991
381,treat_none,45576
381,treat_all,59769
382,random,47093
382,causal,50054
382,treat_all,59827
382,treat_none,45643
382,score,50054
383,treat_all,59910
383,causal,50183
383,treat_none,45840
383,random,47270
383,score,50183
384,causal,50342
384,treat_all,60010
384,treat_none,45903
384,random,47367
384,score,50342
385,treat_none,45443
385,treat_all,59633
385,score,49867
385,random,46859
385,causal,49867
386,causal,50201
386,score,50201
386,random,47297
386,treat_all,60036
386,treat_none,45796
387,causal,50041
387,treat_all,59596
387,score,50041
387,treat_none,45706
387,random,47091
388,random,47135
388,treat_all,59949
388,treat_none,45733
388,score,50127
388,causal,50127
389,score,50231
389,random,47358
389,causal,50231
389,treat_none,45908
389,treat_all,59862
390,treat_all,59954
390,causal,50130
390,treat_none,45722
390,score,50130
390,random,47148
391,treat_none,45683
391,treat_all,59919
391,random,47094
391,score,50111
391,causal,50111
392,score,49946
392,treat_all,59688
392,causal,49946
392,random,47036
392,treat_none,45584
393,causal,50066
393,treat_all,59753
393,score,50066
393,random,47017
393,treat_none,45690
394,score,49986
394,causal,49986
394,treat_all,59914
394,random,47044
394,treat_none,45598
395,random,47039
395,causal,49961
395,treat_none,45577
395,score,49961
395,treat_all,59791
396,score,50192
396,causal,50192
396,treat_none,45808
396,treat_all,59848
396,random,47213
397,treat_none,45513
397,causal,49899
397,treat_all,59660
397,score,49899
397,random,46845
398,treat_none,45925
398,causal,50273
398,random,47323
398,treat_all,60024
398,score,50273
399,causal,49994
399,treat_all,59772
399,treat_none,45509
399,random,46865
399,score,49994
400,score,49909
400,treat_none,45479
400,causal,49909
400,treat_all,59791
400,random,46938
401,treat_none,45624
401,treat_all,59974
401,score,50001
401,causal,50001
401,random,47018
402,treat_none,45547
402,score,49922
402,treat_all,59799
402,causal,49922
402,random,46956
403,random,47210
403,score,50205
403,causal,50205
403,treat_none,45780
403,treat_all,60000
404,score,50232
404,causal,50232
404,treat_none,45858
404,treat_all,59964
404,random,47371
405,treat_none,45507
405,treat_all,59638
405,causal,49846
405,random,46868
405,score,49846
406,treat_all,59647
406,treat_none,45498
406,random,46925
406,score,49963
406,causal,49963
407,score,50003
407,treat_all,59746
407,treat_none,45645
407,causal,50003
407,random,47077
408,score,50014
408,treat_none,45552
408,random,46995
408,causal,50014
408,treat_all,59683
409,treat_all,59678
409,causal,49851
409,score,49851
409,random,46825
409,treat_none,45441
410,treat_none,45842
410,causal,50213
410,treat_all,60066
410,score,50213
410,random,47304
411,treat_all,60161
411,treat_none,45798
411,causal,50319
411,score,50319
411,random,47220
412,causal,50154
412,treat_none,45831
412,treat_all,59943
412,score,50154
412,random,47224
413,causal,49963
413,score,49963
413,treat_none,45505
413,random,46981
413,treat_all,59817
414,score,49835
414,causal,49835
414,treat_all,59613
414,random,46881
414,treat_none,45504
415,causal,50017
415,treat_all,59682
415,random,46985
415,treat_none,45587
415,score,50017
416,causal,49825
416,treat_none,45438
416,random,46888
416,treat_all,59673
416,score,49825
417,random,47118
417,causal,50084
417,treat_all,59986
417,score,50084
417,treat_none,45652
418,treat_all,59578
418,causal,49807
418,random,46887
418,score,49807
418,treat_none,45422
419,treat_all,59791
419,causal,50072
419,score,50072
419,random,47124
419,treat_none,45697
420,random,46903
420,treat_all,59540
420,treat_none,45487
420,score,49910
420,causal,49910
421,random,47156
421,causal,50240
421,treat_all,59916
421,score,50240
421,treat_none,45743
422,causal,49969
422,treat_all,59766
422,score,49969
422,random,47023
422,treat_none,45612
423,treat_none,45652
423,random,47072
423,causal,50076
423,score,50076
423,treat_all,59968
424,treat_all,60097
424,score,50317
424,random,47345
424,causal,50317
424,treat_none,45935
425,causal,49740
425,random,46729
425,treat_all,59626
425,score,49740
425,treat_none,45374
426,causal,50041
426,treat_all,59920
426,random,46972
426,score,50041
426,treat_none,45645
427,treat_all,59745
427,treat_none,45611
427,causal,49989
427,random,47002
427,score,49989
428,causal,50167
428,random,47157
428,score,50167
428,treat_none,45731
428,treat_all,59872
429,score,50135
429,causal,50135
429,treat_all,60044
429,treat_none,45673
429,random,47059
430,causal,50078
430,treat_all,59677
430,score,50078
430,treat_none,45718
430,random,47051
431,score,50060
431,treat_none,45713
431,random,47013
431,treat_all,59773
431,causal,50060
432,score,50146
432,causal,50146
432,treat_all,59829
432,treat_none,45728
432,random,47141
433,random,47378
433,causal,50374
433,treat_none,45974
433,treat_all,59912
433,score,50374
434,random,47098
434,treat_all,59948
434,score,50071
434,causal,50071
434,treat_none,45725
435,treat_none,45795
435,causal,50184
435,treat_all,60039
435,random,47197
435,score,50184
436,treat_none,45833
436,causal,50346
436,random,47208
436,treat_all,59985
436,score,50346
437,treat_all,59985
437,causal,50172
437,random,47177
437,treat_none,45790
437,score,50172
438,random,47018
438,causal,50059
438,treat_all,59896
438,score,50059
438,treat_none,45625
439,causal,50007
439,treat_all,59756
439,score,50007
439,treat_none,45572
439,random,47071
440,causal,49854
440,treat_all,59779
440,random,46954
440,score,49854
440,treat_none,45529
441,treat_all,59632
441,random,46905
441,causal,49914
441,treat_none,45540
441,score,49914
442,score,50034
442,causal,50034
442,treat_all,59833
442,treat_none,45673
442,random,47099
443,causal,50243
443,random,47119
443,treat_none,45803
443,treat_all,59781
443,score,50243
444,treat_none,45441
444,score,49842
444,treat_all,59808
444,random,46885
444,causal,49842
445,treat_none,45930
445,treat_all,60149
445,random,47376
445,score,50409
445,causal,50409
446,treat_all,59736
446,causal,49956
446,treat_none,45576
446,score,49956
446,random,47035
447,causal,50090
447,treat_all,59864
447,score,50090
447,treat_none,45701
447,random,47177
448,random,47279
448,causal,50173
448,treat_none,45834
448,treat_all,59986
448,score,50173
449,treat_none,45894
449,causal,50281
449,score,50281
449,random,47335
449,treat_all,59995
450,treat_none,45519
450,random,47007
450,treat_all,59637
450,causal,49865
450,score,49865
451,treat_none,45808
451,causal,50188
451,random,47197
451,score,50188
451,treat_all,59904
452,treat_none,45818
452,treat_all,60171
452,causal,50266
452,random,47284
452,score,50266
453,treat_none,45799
453,treat_all,60149
453,causal,50190
453,random,47253
453,score,50190
454,score,49853
454,treat_none,45422
454,random,46874
454,treat_all,59829
454,causal,49853
455,random,46946
455,treat_all,59888
455,causal,50019
455,treat_none,45596
455,score,50019
456,treat_none,45590
456,random,47000
456,causal,49985
456,score,49985
456,treat_all,59722
457,score,50094
457,causal,50094
457,treat_none,45783
457,random,47181
457,treat_all,59865
458,score,50348
458,random,47437
458,treat_none,45944
458,treat_all,60146
458,causal,50348
459,treat_all,59846
459,treat_none,45562
459,random,46979
459,causal,49972
459,score,49972
460,treat_none,45539
460,score,49971
460,treat_all,59858
460,random,46972
460,causal,49971
461,treat_all,60158
461,treat_none,45821
461,random,47343
461,causal,50245
461,score,50245
462,treat_none,45556
462,random,47011
462,treat_all,59790
462,causal,50000
462,score,50000
463,causal,50089
463,treat_none,45707
463,random,47131
463,treat_all,59921
463,score,50089
464,treat_all,59722
464,random,46834
464,causal,49808
464,treat_none,45434
464,score,49808
465,treat_none,45639
465,random,47027
465,treat_all,59949
465,causal,50040
465,score,50040
466,treat_none,45936
466,treat_all,60029
466,score,50305
466,causal,50305
466,random,47317
467,score,50127
467,random,47143
467,causal,50127
467,treat_all,59765
467,treat_none,45787
468,random,47366
468,causal,50301
468,treat_none,45953
468,treat_all,60053
468,score,50301
469,treat_none,45783
469,treat_all,60063
469,random,47182
469,causal,50170
469,score,50170
470,causal,50171
470,treat_none,45786
470,random,47229
470,score,50171
470,treat_all,59767
471,causal,50210
471,treat_none,45809
471,random,47195
471,treat_all,60006
471,score,50210
472,treat_all,59960
472,random,47294
472,causal,50230
472,treat_none,45856
472,score,50230
473,score,50176
473,treat_none,45785
473,treat_all,60142
473,random,47155
473,causal,50176
474,treat_none,45718
474,score,50120
474,treat_all,59726
474,random,47112
474,causal,50120
475,causal,50040
475,score,50040
475,treat_none,45676
475,random,47106
475,treat_all,59828
476,causal,50076
476,treat_none,45640
476,random,47061
476,score,50076
476,treat_all,59943
477,treat_all,59926
477,random,47146
477,causal,50058
477,score,50058
477,treat_none,45699
478,treat_none,45772
478,random,47195
478,score,50166
478,causal,50166
478,treat_all,59769
479,treat_all,59757
479,causal,50178
479,random,47194
479,treat_none,45820
479,score,50178
480,treat_all,59794
480,score,50083
480,random,47113
480,treat_none,45736
480,causal,50083
481,score,49801
481,random,46819
481,treat_all,59680
481,treat_none,45436
481,causal,49801
482,causal,50153
482,random,47049
482,treat_none,45630
482,score,50153
482,treat_all,60031
483,causal,50057
483,random,47031
483,treat_none,45594
483,score,50057
483,treat_all,59753
484,random,47305
484,treat_none,45919
484,score,50307
484,causal,50307
484,treat_all,60125
485,treat_all,59795
485,treat_none,45824
485,causal,50125
485,random,47236
485,score,50125
486,treat_all,59997
486,treat_none,45689
486,random,47165
486,score,50118
486,causal,50118
487,causal,49832
487,score,49832
487,treat_all,59535
487,random,46887
487,treat_none,45442
488,random,46997
488,causal,49957
488,treat_none,45589
488,treat_all,59983
488,score,49957
489,random,47323
489,treat_all,60161
489,treat_none,45872
489,score,50283
489,causal,50283
490,score,49906
490,treat_none,45490
490,causal,49906
490,treat_all,59613
490,random,46923
491,treat_none,45555
491,causal,49997
491,treat_all,59794
491,score,49997
491,random,46976
492,treat_all,60231
492,causal,50354
492,score,50354
492,random,47417
492,treat_none,45958
493,treat_all,59996
493,causal,49964
493,score,49964
493,random,47028
493,treat_none,45613
494,treat_all,60052
494,random,47365
494,treat_none,45867
494,score,50327
494,causal,50327
495,treat_none,45476
495,score,49946
495,treat_all,59788
495,random,46990
495,causal,49946
496,random,46910
496,causal,49904
496,score,49904
496,treat_all,59792
496,treat_none,45516
497,random,47338
497,treat_none,45897
497,score,50253
497,treat_all,59890
497,causal,50253
498,random,47372
498,treat_none,45971
498,causal,50312
498,score,50312
498,treat_all,60092
499,causal,50119
499,score,50119
499,random,47242
499,treat_all,59956
499,treat_none,45784
500,causal,50098
500,treat_all,59967
500,random,47239
500,score,50098
500,treat_none,45784
501,score,50180
501,treat_none,45764
501,causal,50180
501,treat_all,59992
501,random,47115
502,causal,50204
502,treat_all,59971
502,score,50204
502,random,47268
502,treat_none,45843
503,random,47211
503,causal,50229
503,treat_all,60079
503,score,50229
503,treat_none,45788
504,score,50154
504,random,47190
504,treat_none,45775
504,causal,50154
504,treat_all,59877
505,treat_all,59861
505,causal,50044
505,score,50044
505,random,47075
505,treat_none,45645
506,causal,49767
506,treat_none,45383
506,treat_all,59663
506,random,46821
506,score,49767
507,random,47141
507,treat_none,45807
507,treat_all,59871
507,score,50235
507,causal,50235
508,random,46990
508,treat_all,59747
508,treat_none,45585
508,score,49890
508,causal,49890
509,treat_all,59888
509,treat_none,45902
509,causal,50291
509,random,47286
509,score,50291
510,causal,50048
510,treat_all,60073
510,treat_none,45695
510,score,50048
510,random,47077
511,score,49885
511,causal,49885
511,treat_none,45490
511,treat_all,59866
511,random,46924
512,causal,49918
512,score,49918
512,random,47063
512,treat_none,45610
512,treat_all,59879
513,score,49982
513,treat_all,59877
513,causal,49982
513,random,47051
513,treat_none,45637
514,random,46848
514,treat_none,45442
514,causal,49842
514,treat_all,59801
514,score,49842
515,treat_none,45874
515,random,47250
515,score,50240
515,treat_all,60110
515,causal,50240
516,random,47151
516,treat_none,45794
516,treat_all,60182
516,score,50245
516,causal,50245
517,causal,50104
517,random,47188
517,score,50104
517,treat_all,59857
517,treat_none,45728
518,random,47000
518,score,50016
518,treat_none,45609
518,causal,50016
518,treat_all,59759
519,treat_none,45588
519,treat_all,59911
519,random,47024
519,causal,50000
519,score,50000
520,treat_all,59626
520,causal,50034
520,treat_none,45727
520,random,47123
520,score,50034
521,treat_all,59771
521,score,50013
521,causal,50013
521,treat_none,45603
521,random,47061
522,treat_all,60015
522,causal,50296
522,score,50296
522,treat_none,45904
522,random,47326
523,treat_all,59776
523,random,46986
523,score,49958
523,causal,49958
523,treat_none,45568
524,causal,50157
524,score,50157
524,treat_all,59993
524,treat_none,45733
524,random,47124
525,score,50310
525,random,47286
525,treat_all,60156
525,treat_none,45873
525,causal,50310
526,random,47079
526,treat_none,45623
526,causal,50005
526,score,50005
526,treat_all,59775
527,score,50185
527,treat_all,60027
527,treat_none,45754
527,random,47176
527,causal,50185
528,treat_none,45823
528,causal,50232
528,score,50232
528,random,47202
528,treat_all,59931
529,random,47140
529,treat_none,45792
529,treat_all,60092
529,score,50228
529,causal,50228
530,random,47053
530,treat_all,59945
530,treat_none,45625
530,score,50005
530,causal,50005
531,treat_all,59688
531,treat_none,45541
531,random,46944
531,score,49971
531,causal,49971
532,score,50144
532,treat_none,45691
532,causal,50144
532,treat_all,59720
532,random,47059
533,treat_all,59425
533,treat_none,45296
533,random,46789
533,causal,49575
533,score,49575
534,treat_all,59849
534,random,47199
534,causal,50115
534,treat_none,45722
534,score,50115
535,random,47373
535,score,50364
535,treat_none,45896
535,treat_all,60059
535,causal,50364
536,score,50037
536,causal,50037
536,treat_all,59826
536,treat_none,45635
536,random,47013
537,treat_all,59877
537,random,47084
537,causal,49985
537,treat_none,45613
537,score,49985
538,treat_all,60052
538,treat_none,45780
538,score,50154
538,causal,50154
538,random,47234
539,causal,50120
539,score,50120
539,treat_all,60009
539,random,47071
539,treat_none,45708
540,causal,50422
540,random,47372
540,score,50422
540,treat_none,45928
540,treat_all,60477
541,random,47210
541,score,50201
541,treat_none,45820
541,treat_all,60009
541,causal,50201
542,random,47133
542,treat_all,59837
542,causal,50119
542,treat_none,45760
542,score,50119
543,treat_none,45634
543,score,50035
543,random,47079
543,treat_all,59799
543,causal,50035
544,treat_all,59625
544,score,49890
544,causal,49890
544,random,47010
544,treat_none,45601
545,treat_none,45802
545,random,47231
545,score,50271
545,treat_all,60046
545,causal,50271
546,treat_all,59996
546,causal,50085
546,score,50085
546,random,47169
546,treat_none,45728
547,score,50071
547,causal,50071
547,treat_all,59833
547,random,47192
547,treat_none,45721
548,score,50033
548,causal,50033
548,random,47114
548,treat_none,45691
548,treat_all,59959
549,random,47097
549,treat_none,45649
549,treat_all,59834
549,causal,50138
549,score,50138
550,score,50321
550,causal,50321
550,random,47279
550,treat_none,45899
550,treat_all,60033
551,causal,49883
551,random,46916
551,treat_all,59606
551,treat_none,45508
551,score,49883
552,score,49976
552,treat_all,59642
552,causal,49976
552,treat_none,45599
552,random,47017
553,random,47205
553,score,50213
553,treat_all,59876
553,causal,50213
553,treat_none,45734
554,treat_all,60086
554,treat_none,45811
554,score,50189
554,causal,50189
554,random,47250
555,treat_none,45756
555,score,50101
555,random,47221
555,treat_all,59874
555,causal,50101
556,treat_all,59982
556,score,50265
556,causal,50265
556,treat_none,45925
556,random,47387
557,score,50142
557,treat_all,59860
557,causal,50142
557,treat_none,45703
557,random,47109
558,random,47079
558,treat_all,59725
558,causal,50012
558,treat_none,45696
558,score,50012
559,treat_all,60020
559,treat_none,45815
559,random,47196
559,score,50189
559,causal,50189
560,random,46972
560,score,49997
560,causal,49997
560,treat_all,59743
560,treat_none,45666
561,treat_all,60043
561,score,50132
561,treat_none,45734
561,random,47195
561,causal,50132
562,treat_all,59912
562,score,50130
562,random,47200
562,treat_none,45754
562,causal,50130
563,score,50019
563,random,47122
563,causal,50019
563,treat_none,45613
563,treat_all,59882
564,causal,49996
564,random,47033
564,treat_none,45598
564,score,49996
564,treat_all,59739
565,causal,49976
565,score,49976
565,random,46902
565,treat_none,45473
565,treat_all,59756
566,causal,49826
566,random,46874
566,treat_none,45466
566,score,49826
566,treat_all,59713
567,treat_none,45602
567,random,46947
567,treat_all,59589
567,score,49959
567,causal,49959
568,treat_none,45699
568,treat_all,59880
568,random,47167
568,causal,50001
568,score,50001
569,causal,50155
569,score,50155
569,treat_none,45714
569,treat_all,59762
569,random,47093
570,causal,49921
570,treat_none,45575
570,treat_all,59670
570,random,46972
570,score,49921
571,causal,50028
571,treat_all,59733
571,score,50028
571,random,47075
571,treat_none,45731
572,treat_all,59825
572,random,46968
572,treat_none,45530
572,causal,50034
572,score,50034
573,causal,50142
573,treat_all,59827
573,score,50142
573,random,47100
573,treat_none,45721
574,treat_all,59820
574,score,49942
574,random,46896
574,treat_none,45495
574,causal,49942
575,treat_none,45738
575,random,47126
575,score,50156
575,treat_all,59913
575,causal,50156
576,causal,50034
576,random,47074
576,treat_all,59750
576,treat_none,45640
576,score,50034
577,score,50282
577,causal,50282
577,treat_all,60062
577,random,47404
577,treat_none,45911
578,score,50108
578,causal,50108
578,random,47061
578,treat_none,45685
578,treat_all,59974
579,treat_all,59791
579,causal,50077
579,treat_none,45683
579,random,47001
579,score,50077
580,treat_none,45580
580,treat_all,60014
580,causal,50142
580,score,50142
580,random,47011
581,treat_all,60100
581,causal,50294
581,treat_none,45921
581,random,47362
581,score,50294
582,causal,50072
582,score,50072
582,random,47108
582,treat_none,45658
582,treat_all,60034
583,causal,50214
583,score,50214
583,random,47196
583,treat_none,45787
583,treat_all,59892
584,treat_all,59996
584,score,50125
584,causal,50125
584,random,47235
584,treat_none,45756
585,causal,50060
585,treat_none,45707
585,score,50060
585,treat_all,59872
585,random,47081
586,causal,50096
586,score,50096
586,treat_all,59953
586,treat_none,45701
586,random,47129
587,random,47009
587,score,50013
587,causal,50013
587,treat_all,59631
587,treat_none,45672
588,treat_none,45585
588,treat_all,59852
588,causal,50023
588,random,47034
588,score,50023
589,causal,50027
589,treat_none,45622
589,random,47036
589,score,50027
589,treat_all,59779
590,treat_none,45701
590,random,47152
590,treat_all,59816
590,causal,50095
590,score,50095
591,treat_all,59976
591,score,50212
591,causal,50212
591,treat_none,45809
591,random,47266
592,score,49838
592,treat_none,45396
592,causal,49838
592,random,46811
592,treat_all,59714
593,score,50084
593,causal,50084
593,random,47079
593,treat_all,59819
593,treat_none,45684
594,treat_none,45894
594,score,50368
594,random,47182
594,causal,50368
594,treat_all,60122
595,causal,50266
595,treat_none,45716
595,random,47193
595,treat_all,60016
595,score,50266
596,causal,50072
596,random,47146
596,treat_all,59656
596,score,50072
596,treat_none,45721
597,score,50321
597,causal,50321
597,treat_all,60011
597,treat_none,45971
597,random,47365
598,treat_all,59821
598,causal,50194
598,score,50194
598,random,47129
598,treat_none,45754
599,score,50035
599,treat_all,59980
599,random,47009
599,causal,50035
599,treat_none,45597
600,treat_all,59690
600,random,46894
600,causal,49901
600,treat_none,45505
600,score,49901
601,score,50089
601,treat_all,59882
601,treat_none,45633
601,random,47067
601,causal,50089
602,treat_none,45569
602,random,46952
602,causal,49953
602,score,49953
602,treat_all,59834
603,causal,50025
603,treat_all,59802
603,score,50025
603,treat_none,45728
603,random,47080
604,treat_none,45482
604,random,46868
604,causal,49924
604,score,49924
604,treat_all,59732
605,causal,50436
605,treat_none,46096
605,random,47510
605,score,50436
605,treat_all,60212
606,treat_none,45659
606,random,47035
606,treat_all,59894
606,score,50105
606,causal,50105
607,treat_none,45495
607,causal,49945
607,score,49945
607,treat_all,59792
607,random,46919
608,random,47301
608,score,50271
608,treat_all,59976
608,treat_none,45902
608,causal,50271
609,treat_all,60164
609,random,47373
609,causal,50248
609,treat_none,45905
609,score,50248
610,random,47116
610,treat_none,45815
610,score,50203
610,causal,50203
610,treat_all,59661
611,score,50164
611,causal,50164
611,random,47146
611,treat_none,45676
611,treat_all,59867
612,causal,50111
612,score,50111
612,treat_all,59868
612,random,47158
612,treat_none,45700
613,score,50114
613,treat_none,45750
613,causal,50114
613,treat_all,59987
613,random,47205
614,random,47231
614,score,50248
614,treat_none,45818
614,causal,50248
614,treat_all,59760
615,causal,50304
615,score,50304
615,treat_none,45857
615,treat_all,60133
615,random,47336
616,treat_none,45639
616,causal,50024
616,random,47000
616,treat_all,59734
616,score,50024
617,random,47022
617,treat_none,45632
617,causal,50043
617,treat_all,59829
617,score,50043
618,causal,50218
618,random,47239
618,treat_none,45810
618,score,50218
618,treat_all,59953
619,causal,49896
619,treat_none,45488
619,random,46885
619,treat_all,59781
619,score,49896
620,treat_all,59950
620,treat_none,45718
620,score,50147
620,causal,50147
620,random,47151
621,treat_none,45698
621,score,50097
621,causal,50097
621,random,47109
621,treat_all,59684
622,treat_all,59800
622,score,50057
622,treat_none,45645
622,causal,50057
622,random,47112
623,causal,49896
623,treat_none,45468
623,random,46875
623,score,49896
623,treat_all,59731
624,causal,50154
624,treat_all,59682
624,random,47279
624,treat_none,45821
624,score,50154
625,treat_all,59838
625,random,47169
625,score,50166
625,causal,50166
625,treat_none,45842
626,score,50220
626,causal,50220
626,treat_all,60056
626,treat_none,45744
626,random,47181
627,treat_all,59718
627,score,49961
627,random,46944
627,treat_none,45546
627,causal,49961
628,random,47191
628,treat_all,59934
628,treat_none,45784
628,score,50110
628,causal,50110
629,random,47188
629,score,50121
629,causal,50121
629,treat_none,45782
629,treat_all,59994
630,causal,50075
630,score,50075
630,treat_none,45729
630,treat_all,59810
630,random,47074
631,causal,49922
631,score,49922
631,treat_none,45504
631,treat_all,59780
631,random,46961
632,score,50015
632,treat_none,45636
632,treat_all,59841
632,causal,50015
632,random,47070
633,random,46984
633,treat_all,59703
633,score,50006
633,treat_none,45623
633,causal,50006
634,score,50050
634,treat_all,60069
634,treat_none,45672
634,random,47071
634,causal,50050
635,random,47052
635,causal,50002
635,treat_none,45636
635,treat_all,59705
635,score,50002
636,causal,49977
636,treat_all,59745
636,random,46921
636,score,49977
636,treat_none,45535
637,score,49681
637,random,46642
637,treat_all,59595
637,causal,49681
637,treat_none,45237
638,treat_all,59840
638,random,46987
638,treat_none,45542
638,causal,49897
638,score,49897
639,treat_none,45749
639,random,47136
639,causal,50211
639,score,50211
639,treat_all,59800
640,treat_none,45614
640,random,47031
640,treat_all,59799
640,causal,49977
640,score,49977
641,treat_none,45658
641,causal,50025
641,treat_all,59822
641,random,47100
641,score,50025
642,random,46750
642,treat_none,45290
642,score,49750
642,causal,49750
642,treat_all,59517
643,causal,50127
643,score,50127
643,random,47130
643,treat_all,59867
643,treat_none,45720
644,treat_none,46029
644,causal,50327
644,treat_all,60063
644,score,50327
644,random,47429
645,random,47039
645,causal,50018
645,treat_none,45650
645,score,50018
645,treat_all,59717
646,causal,50026
646,treat_all,59869
646,random,47107
646,treat_none,45691
646,score,50026
647,treat_none,45882
647,score,50295
647,treat_all,59946
647,random,47354
647,causal,50295
648,random,47253
648,causal,50200
648,treat_none,45887
648,treat_all,59927
648,score,50200
649,treat_none,45709
649,random,47098
649,treat_all,59733
649,score,50114
649,causal,50114
650,random,47187
650,treat_all,60066
650,score,50200
650,causal,50200
650,treat_none,45789
651,treat_all,59755
651,treat_none,45616
651,causal,49967
651,score,49967
651,random,47033
652,random,47133
652,treat_all,60089
652,score,50225
652,treat_none,45701
652,causal,50225
653,treat_all,59768
653,score,50189
653,random,47214
653,causal,50189
653,treat_none,45800
654,random,46914
654,score,49837
654,causal,49837
654,treat_none,45528
654,treat_all,59698
655,score,49991
655,treat_all,59817
655,treat_none,45654
655,random,47033
655,causal,49991
656,treat_none,45490
656,score,49897
656,causal,49897
656,treat_all,59685
656,random,46865
657,causal,50077
657,score,50077
657,random,47039
657,treat_none,45607
657,treat_all,59996
658,causal,50055
658,treat_all,59811
658,treat_none,45624
658,random,47008
658,score,50055
659,score,50244
659,random,47317
659,treat_all,60099
659,causal,50244
659,treat_none,45878
660,score,50063
660,treat_none,45608
660,treat_all,60078
660,random,47082
660,causal,50063
661,score,50049
661,random,47141
661,treat_all,59854
661,causal,50049
661,treat_none,45756
662,random,46964
662,causal,49968
662,treat_all,59829
662,score,49968
662,treat_none,45579
663,random,47002
663,treat_all,59783
663,causal,49983
663,score,49983
663,treat_none,45599
664,treat_none,45791
664,causal,50233
664,score,50233
664,treat_all,59865
664,random,47145
665,treat_all,59986
665,treat_none,45782
665,causal,50190
665,score,50190
665,random,47273
666,treat_all,59791
666,score,49979
666,random,47155
666,treat_none,45624
666,causal,49979
667,treat_none,45417
667,causal,49860
667,random,46842
667,treat_all,59644
667,score,49860
668,random,46870
668,treat_none,45495
668,score,49874
668,causal,49874
668,treat_all,59709
669,random,47292
669,treat_none,45834
669,treat_all,59999
669,causal,50191
669,score,50191
670,treat_none,45832
670,treat_all,59897
670,random,47229
670,causal,50203
670,score,50203
671,causal,50420
671,treat_all,60168
671,treat_none,45963
671,score,50420
671,random,47435
672,random,47174
672,treat_all,59929
672,treat_none,45761
672,score,50131
672,causal,50131
673,score,49939
673,causal,49939
673,treat_none,45601
673,treat_all,59814
673,random,47004
674,treat_all,60153
674,treat_none,45930
674,causal,50347
674,random,47308
674,score,50347
675,treat_none,45625
675,random,46995
675,treat_all,59746
675,causal,49999
675,score,49999
676,score,49964
676,causal,49964
676,treat_none,45533
676,random,46928
676,treat_all,59796
677,treat_none,46105
677,causal,50524
677,score,50524
677,treat_all,60285
677,random,47502
678,score,50047
678,causal,50047
678,random,47061
678,treat_all,59847
678,treat_none,45705
679,causal,50145
679,score,50145
679,treat_all,59982
679,treat_none,45746
679,random,47176
680,treat_none,45591
680,causal,49994
680,score,49994
680,treat_all,59662
680,random,47097
681,treat_all,59895
681,causal,50011
681,score,50011
681,random,47061
681,treat_none,45626
682,score,50345
682,causal,50345
682,random,47243
682,treat_all,60064
682,treat_none,45887
683,treat_none,45713
683,treat_all,59955
683,random,47076
683,score,50188
683,causal,50188
684,treat_none,45489
684,causal,49890
684,score,49890
684,random,46857
684,treat_all,59710
685,causal,50352
685,score,50352
685,random,47377
685,treat_none,45998
685,treat_all,60049
686,score,50098
686,causal,50098
686,random,47147
686,treat_none,45682
686,treat_all,59865
687,random,47061
687,causal,50036
687,score,50036
687,treat_none,45701
687,treat_all,59719
688,random,46803
688,treat_none,45392
688,treat_all,59549
688,score,49801
688,causal,49801
689,treat_none,45618
689,score,49953
689,random,47045
689,treat_all,59729
689,causal,49953
690,random,47081
690,treat_none,45700
690,score,50136
690,causal,50136
690,treat_all,59959
691,treat_none,45949
691,random,47335
691,score,50322
691,causal,50322
691,treat_all,59900
692,causal,49968
692,score,49968
692,treat_none,45573
692,treat_all,59821
692,random,46999
693,random,47085
693,score,49973
693,causal,49973
693,treat_none,45615
693,treat_all,59753
694,treat_all,59886
694,score,50156
694,treat_none,45681
694,causal,50156
694,random,47037
695,treat_all,59899
695,score,50237
695,random,47275
695,treat_none,45836
695,causal,50237
696,treat_all,59902
696,score,50258
696,random,47248
696,causal,50258
696,treat_none,45825
697,random,47352
697,score,50340
697,treat_none,45881
697,causal,50340
697,treat_all,60136
698,causal,49811
698,random,46944
698,treat_all,59712
698,treat_none,45466
698,score,49811
699,treat_all,59741
699,causal,49892
699,score,49892
699,random,46973
699,treat_none,45579
700,treat_all,59908
700,causal,50095
700,random,47054
700,score,50095
700,treat_none,45692
701,treat_all,59945
701,random,47213
701,causal,50081
701,score,50081
701,treat_none,45787
702,score,50056
702,causal,50056
702,treat_none,45665
702,random,47031
702,treat_all,59602
703,treat_none,45642
703,random,47132
703,score,50072
703,treat_all,59930
703,causal,50072
704,treat_none,45623
704,random,47029
704,score,50000
704,treat_all,59877
704,causal,50000
705,score,50206
705,causal,50206
705,treat_none,45769
705,treat_all,60196
705,random,47238
706,causal,50156
706,treat_all,59923
706,random,47092
706,score,50156
706,treat_none,45702
707,treat_none,45578
707,random,46962
707,score,49973
707,treat_all,59813
707,causal,49973
708,random,47438
708,score,50345
708,treat_all,59991
708,treat_none,46037
708,causal,50345
709,score,50228
709,treat_none,45845
709,random,47347
709,treat_all,60079
709,causal,50228
710,treat_none,45716
710,score,50098
710,causal,50098
710,random,47167
710,treat_all,59722
711,causal,49927
711,treat_none,45698
711,score,49927
711,random,47007
711,treat_all,59512
712,causal,49950
712,treat_none,45577
712,random,47011
712,score,49950
712,treat_all,59869
713,causal,50075
713,random,47041
713,treat_none,45602
713,treat_all,59876
713,score,50075
714,treat_none,45680
714,causal,49981
714,treat_all,59732
714,random,47081
714,score,49981
715,treat_none,45809
715,causal,50331
715,random,47258
715,treat_all,60031
715,score,50331
716,treat_none,45716
716,score,50216
716,causal,50216
716,random,47145
716,treat_all,59854
717,score,49947
717,treat_all,59609
717,treat_none,45609
717,causal,49947
717,random,47031
718,random,46998
718,treat_none,45594
718,causal,50029
718,score,50029
718,treat_all,59805
719,causal,50188
719,random,47168
719,score,50188
719,treat_none,45746
719,treat_all,60076
720,treat_all,59856
720,score,49974
720,causal,49974
720,random,47074
720,treat_none,45668
721,treat_none,45553
721,score,49941
721,treat_all,59694
721,causal,49941
721,random,46962
722,score,50014
722,treat_all,59800
722,causal,50014
722,random,47102
722,treat_none,45722
723,treat_all,59875
723,random,46930
723,treat_none,45516
723,score,49993
723,causal,49993
724,treat_all,60156
724,causal,50405
724,score,50405
724,random,47433
724,treat_none,45980
725,causal,49869
725,score,49869
725,treat_all,59694
725,random,46854
725,treat_none,45446
726,score,49969
726,treat_all,59707
726,treat_none,45679
726,causal,49969
726,random,47117
727,treat_none,45687
727,treat_all,59853
727,random,47109
727,score,50102
727,causal,50102
728,random,47068
728,treat_all,59950
728,score,50081
728,causal,50081
728,treat_none,45658
729,treat_all,60054
729,random,47344
729,score,50315
729,treat_none,45900
729,causal,50315
730,treat_all,59909
730,treat_none,45610
730,causal,50013
730,random,47030
730,score,50013
731,causal,49871
731,treat_all,59586
731,random,46894
731,score,49871
731,treat_none,45483
732,score,49974
732,treat_none,45640
732,causal,49974
732,treat_all,59778
732,random,47096
733,score,50043
733,treat_all,59747
733,random,47065
733,causal,50043
733,treat_none,45682
734,random,47002
734,causal,50047
734,treat_none,45648
734,treat_all,59750
734,score,50047
735,random,47198
735,treat_all,59861
735,causal,50198
735,score,50198
735,treat_none,45803
736,treat_all,59860
736,treat_none,45749
736,score,50158
736,random,47148
736,causal,50158
737,random,47174
737,treat_all,59823
737,causal,50062
737,treat_none,45723
737,score,50062
738,score,50025
738,random,47104
738,treat_none,45691
738,treat_all,59944
738,causal,50025
739,causal,50013
739,score,50013
739,random,46979
739,treat_all,59757
739,treat_none,45570
740,score,50016
740,treat_all,59843
740,treat_none,45621
740,causal,50016
740,random,47023
741,score,50026
741,treat_all,59639
741,random,47094
741,causal,50026
741,treat_none,45703
742,random,47149
742,causal,50117
742,score,50117
742,treat_none,45749
742,treat_all,59853
743,causal,50191
743,treat_all,59931
743,random,47208
743,treat_none,45824
743,score,50191
744,treat_none,45515
744,random,46900
744,causal,49855
744,treat_all,59676
744,score,49855
745,treat_none,45818
745,random,47261
745,causal,50253
745,score,50253
745,treat_all,60059
746,treat_all,59743
746,treat_none,45549
746,random,46929
746,score,49941
746,causal,49941
747,causal,50124
747,random,47272
747,treat_all,59829
747,treat_none,45828
747,score,50124
748,treat_none,45641
748,causal,50072
748,score,50072
748,treat_all,60031
748,random,47094
749,random,46935
749,treat_all,59670
749,score,49863
749,treat_none,45545
749,causal,49863
750,treat_all,59907
750,causal,50121
750,score,50121
750,treat_none,45748
750,random,47160
751,causal,50255
751,score,50255
751,random,47306
751,treat_all,60106
751,treat_none,45820
752,treat_all,60059
752,treat_none,45708
752,causal,50112
752,score,50112
752,random,47224
753,causal,50026
753,random,47060
753,treat_all,59973
753,score,50026
753,treat_none,45670
754,score,50227
754,treat_all,59841
754,causal,50227
754,treat_none,45821
754,random,47224
755,causal,50170
755,treat_all,60125
755,score,50170
755,treat_none,45799
755,random,47213
756,causal,50023
756,random,46926
756,treat_all,59771
756,score,50023
756,treat_none,45528
757,random,47277
757,treat_none,45823
757,treat_all,59995
757,causal,50221
757,score,50221
758,causal,50121
758,treat_none,45717
758,score,50121
758,treat_all,59899
758,random,47109
759,causal,50117
759,treat_none,45784
759,treat_all,59902
759,score,50117
759,random,47212
760,random,47184
760,treat_none,45790
760,score,50204
760,causal,50204
760,treat_all,59924
761,treat_none,45849
761,treat_all,60033
761,random,47214
761,causal,50133
761,score,50133
762,treat_all,60004
762,score,50056
762,causal,50056
762,treat_none,45728
762,random,47077
763,treat_all,59697
763,score,49890
763,causal,49890
763,treat_none,45502
763,random,46919
764,score,50052
764,treat_all,59964
764,treat_none,45637
764,causal,50052
764,random,47030
765,causal,50192
765,treat_none,45788
765,score,50192
765,random,47131
765,treat_all,59729
766,random,46967
766,causal,49937
766,treat_all,59637
766,treat_none,45559
766,score,49937
767,treat_all,59741
767,random,47098
767,treat_none,45645
767,score,49944
767,causal,49944
768,random,47389
768,score,50502
768,causal,50502
768,treat_none,46022
768,treat_all,60123
769,causal,50208
769,treat_all,60011
769,random,47219
769,score,50208
769,treat_none,45829
770,causal,50225
770,treat_all,60088
770,random,47186
770,treat_none,45715
770,score,50225
771,causal,50044
771,treat_none,45565
771,score,50044
771,treat_all,59739
771,random,46989
772,random,47359
772,causal,50313
772,treat_none,45932
772,score,50313
772,treat_all,59786
773,causal,49964
773,score,49964
773,random,47015
773,treat_all,59685
773,treat_none,45603
774,causal,50042
774,score,50042
774,treat_none,45609
774,treat_all,59863
774,random,47098
775,treat_all,59791
775,score,50005
775,causal,50005
775,random,47098
775,treat_none,45600
776,treat_none,45633
776,random,47131
776,treat_all,59812
776,score,50013
776,causal,50013
777,treat_none,45524
777,random,47006
777,treat_all,59930
777,causal,49994
777,score,49994
778,random,47001
778,causal,50114
778,treat_all,59699
778,treat_none,45617
778,score,50114
779,score,50346
779,causal,50346
779,random,47310
779,treat_none,45830
779,treat_all,60006
780,score,49831
780,causal,49831
780,treat_none,45480
780,random,46914
780,treat_all,59672
781,causal,49983
781,random,47075
781,score,49983
781,treat_none,45605
781,treat_all,59775
782,treat_all,60209
782,random,47204
782,score,50154
782,treat_none,45753
782,causal,50154
783,treat_none,45835
783,treat_all,59919
783,random,47206
783,score,50216
783,causal,50216
784,treat_all,59945
784,random,47171
784,causal,50157
784,treat_none,45782
784,score,50157
785,causal,50114
785,treat_all,59732
785,score,50114
785,treat_none,45742
785,random,47082
786,causal,50173
786,treat_all,59775
786,treat_none,45817
786,random,47202
786,score,50173
787,random,46978
787,causal,49846
787,treat_none,45515
787,treat_all,59701
787,score,49846
788,random,46987
788,treat_none,45589
788,causal,49903
788,treat_all,59723
788,score,49903
789,treat_all,59920
789,random,46990
789,score,50031
789,treat_none,45542
789,causal,50031
790,random,47138
790,treat_none,45744
790,score,50170
790,treat_all,59923
790,causal,50170
791,causal,50248
791,treat_all,59993
791,treat_none,45854
791,random,47257
791,score,50248
792,treat_all,59802
792,score,50122
792,treat_none,45669
792,causal,50122
792,random,47088
793,random,46912
793,score,49967
793,treat_none,45495
793,treat_all,59776
793,causal,49967
794,random,47183
794,causal,50089
794,treat_none,45718
794,treat_all,59992
794,score,50089
795,random,47173
795,treat_all,59955
795,score,50129
795,treat_none,45742
795,causal,50129
796,treat_none,45761
796,score,50163
796,causal,50163
796,treat_all,59859
796,random,47176
797,causal,50184
797,random,47241
797,treat_all,59842
797,treat_none,45780
797,score,50184
798,treat_all,59848
798,random,47040
798,treat_none,45678
798,score,50015
798,causal,50015
799,score,50244
799,random,47253
799,treat_all,59925
799,treat_none,45812
799,causal,50244
800,treat_all,59768
800,score,50101
800,random,47038
800,treat_none,45682
800,causal,50101
801,random,47048
801,treat_none,45644
801,causal,50093
801,treat_all,59862
801,score,50093
802,treat_none,45761
802,causal,50182
802,random,47138
802,treat_all,59809
802,score,50182
803,causal,50160
803,treat_none,45702
803,random,47079
803,score,50160
803,treat_all,59972
804,score,49732
804,random,46767
804,causal,49732
804,treat_all,59513
804,treat_none,45324
805,random,47052
805,treat_all,59925
805,causal,50087
805,score,50087
805,treat_none,45634
806,random,47205
806,treat_none,45763
806,score,50122
806,treat_all,60046
806,causal,50122
807,treat_none,45452
807,causal,49819
807,random,46882
807,treat_all,59541
807,score,49819
808,random,47530
808,treat_all,60096
808,score,50358
808,causal,50358
808,treat_none,46056
809,treat_all,59914
809,score,50110
809,causal,50110
809,treat_none,45682
809,random,47060
810,causal,49934
810,treat_all,60011
810,random,47091
810,treat_none,45591
810,score,49934
811,treat_none,45790
811,score,50130
811,causal,50130
811,treat_all,59849
811,random,47209
812,random,47128
812,treat_none,45737
812,treat_all,59843
812,causal,50201
812,score,50201
813,treat_all,59801
813,score,50057
813,random,47058
813,causal,50057
813,treat_none,45637
814,causal,49765
814,treat_all,59627
814,score,49765
814,random,46805
814,treat_none,45452
815,score,49754
815,causal,49754
815,treat_none,45410
815,random,46860
815,treat_all,59566
816,treat_all,60025
816,score,50197
816,random,47362
816,causal,50197
816,treat_none,45909
817,treat_all,60090
817,score,50232
817,random,47207
817,causal,50232
817,treat_none,45792
818,treat_all,59803
818,score,49847
818,causal,49847
818,random,46931
818,treat_none,45490
819,treat_all,59833
819,score,50027
819,random,47052
819,causal,50027
819,treat_none,45599
820,treat_none,45773
820,random,47236
820,score,50060
820,causal,50060
820,treat_all,59722
821,random,47151
821,score,50151
821,treat_all,59779
821,causal,50151
821,treat_none,45695
822,treat_all,60014
822,treat_none,45911
822,random,47329
822,score,50274
822,causal,50274
823,treat_all,59851
823,treat_none,45861
823,causal,50190
823,score,50190
823,random,47347
824,causal,50274
824,score,50274
824,treat_all,59868
824,random,47279
824,treat_none,45883
825,causal,49967
825,treat_none,45493
825,treat_all,59638
825,random,46966
825,score,49967
826,score,50174
826,random,47091
826,causal,50174
826,treat_none,45672
826,treat_all,60003
827,score,49652
827,treat_none,45306
827,treat_all,59407
827,random,46685
827,causal,49652
828,score,50000
828,treat_all,59773
828,random,47158
828,treat_none,45698
828,causal,50000
829,score,50168
829,random,47152
829,treat_none,45732
829,treat_all,60064
829,causal,50168
830,causal,49987
830,treat_none,45591
830,random,46949
830,score,49987
830,treat_all,59739
831,causal,50168
831,treat_all,59951
831,treat_none,45825
831,random,47250
831,score,50168
832,treat_none,45871
832,random,47259
832,score,50265
832,treat_all,60032
832,causal,50265
833,score,49941
833,causal,49941
833,treat_none,45515
833,random,46997
833,treat_all,59805
834,random,47201
834,causal,50146
834,score,50146
834,treat_all,59933
834,treat_none,45857
835,causal,49999
835,score,49999
835,random,47120
835,treat_none,45669
835,treat_all,59838
836,random,47323
836,causal,50230
836,treat_none,45831
836,treat_all,59832
836,score,50230
837,treat_all,59914
837,treat_none,45758
837,random,47186
837,causal,50204
837,score,50204
838,treat_none,45615
838,causal,49894
838,score,49894
838,treat_all,59739
838,random,47006
839,random,47311
839,score,50178
839,treat_all,59870
839,causal,50178
839,treat_none,45819
840,treat_none,45675
840,score,50068
840,random,47142
840,treat_all,59943
840,causal,50068
841,random,46999
841,causal,49979
841,treat_none,45536
841,treat_all,59716
841,score,49979
842,random,47062
842,causal,50016
842,treat_none,45623
842,score,50016
842,treat_all,59717
843,treat_all,59774
843,score,50147
843,causal,50147
843,random,47102
843,treat_none,45679
844,treat_none,45660
844,score,50015
844,causal,50015
844,random,47163
844,treat_all,59774
845,treat_none,45634
845,score,50054
845,causal,50054
845,treat_all,59841
845,random,46975
846,treat_all,59739
846,treat_none,45621
846,score,50057
846,causal,50057
846,random,47060
847,treat_all,59968
847,causal,50273
847,score,50273
847,random,47281
847,treat_none,45849
848,treat_none,45592
848,treat_all,59767
848,random,46995
848,causal,49945
848,score,49945
849,treat_all,59908
849,random,47055
849,score,50004
849,causal,50004
849,treat_none,45591
850,random,46990
850,treat_none,45607
850,treat_all,59805
850,score,49957
850,causal,49957
851,treat_all,60293
851,causal,50508
851,score,50508
851,random,47555
851,treat_none,46154
852,treat_all,60264
852,random,47394
852,causal,50507
852,score,50507
852,treat_none,46022
853,causal,49933
853,score,49933
853,treat_none,45576
853,random,46923
853,treat_all,59612
854,treat_none,45632
854,treat_all,59715
854,causal,50060
854,score,50060
854,random,47027
855,treat_all,59713
855,causal,49957
855,score,49957
855,treat_none,45555
855,random,46971
856,random,47158
856,treat_all,59761
856,score,50070
856,causal,50070
856,treat_none,45715
857,score,50018
857,causal,50018
857,random,47050
857,treat_none,45625
857,treat_all,59745
858,score,50152
858,treat_none,45722
858,causal,50152
858,treat_all,59902
858,random,47124
859,score,50146
859,causal,50146
859,treat_none,45709
859,random,47125
859,treat_all,59823
860,score,49991
860,treat_none,45712
860,treat_all,59967
860,random,47179
860,causal,49991
861,random,47073
861,score,49996
861,treat_none,45623
861,treat_all,59884
861,causal,49996
862,treat_none,45754
862,treat_all,59710
862,random,47176
862,score,50052
862,causal,50052
863,treat_none,45815
863,score,50160
863,random,47202
863,treat_all,59804
863,causal,50160
864,causal,50010
864,treat_all,59876
864,random,47013
864,treat_none,45567
864,score,50010
865,treat_all,59869
865,random,47074
865,treat_none,45673
865,score,50062
865,causal,50062
866,treat_none,45965
866,treat_all,60076
866,score,50374
866,random,47357
866,causal,50374
867,causal,50005
867,score,50005
867,treat_all,59750
867,treat_none,45716
867,random,47134
868,random,47055
868,causal,49971
868,treat_all,59788
868,treat_none,45584
868,score,49971
869,causal,49979
869,score,49979
869,random,46959
869,treat_all,59815
869,treat_none,45555
870,random,47434
870,treat_all,60042
870,score,50312
870,treat_none,45978
870,causal,50312
871,treat_none,45728
871,causal,50073
871,treat_all,59711
871,random,47088
871,score,50073
872,random,47165
872,score,50234
872,treat_all,59831
872,causal,50234
872,treat_none,45812
873,score,50245
873,causal,50245
873,treat_none,45808
873,treat_all,59817
873,random,47136
874,score,50357
874,causal,50357
874,treat_none,45935
874,treat_all,60034
874,random,47340
875,causal,49798
875,random,46879
875,treat_none,45421
875,score,49798
875,treat_all,59629
876,random,46885
876,score,49921
876,causal,49921
876,treat_none,45498
876,treat_all,59870
877,treat_none,45747
877,treat_all,59916
877,random,47140
877,score,50120
877,causal,50120
878,causal,50190
878,random,47104
878,treat_all,59940
878,treat_none,45691
878,score,50190
879,score,50091
879,treat_all,59983
879,random,47193
879,treat_none,45683
879,causal,50091
880,causal,50043
880,score,50043
880,treat_none,45648
880,treat_all,59977
880,random,47059
881,treat_all,59558
881,treat_none,45554
881,causal,49939
881,score,49939
881,random,46951
882,causal,50001
882,treat_all,59791
882,treat_none,45638
882,score,50001
882,random,47099
883,treat_all,60081
883,treat_none,46002
883,causal,50362
883,score,50362
883,random,47369
884,treat_all,60001
884,causal,50225
884,treat_none,45804
884,score,50225
884,random,47213
885,treat_none,45638
885,treat_all,59791
885,causal,50042
885,random,47047
885,score,50042
886,score,50330
886,treat_all,59984
886,treat_none,45814
886,random,47162
886,causal,50330
887,treat_none,45608
887,random,47009
887,score,49960
887,causal,49960
887,treat_all,59744
888,random,47192
888,treat_all,59883
888,score,50199
888,treat_none,45766
888,causal,50199
889,score,50151
889,random,47239
889,treat_none,45783
889,causal,50151
889,treat_all,60052
890,treat_all,60218
890,score,50335
890,causal,50335
890,treat_none,45944
890,random,47400
891,treat_none,45663
891,treat_all,59889
891,score,50032
891,causal,50032
891,random,47085
892,treat_none,45624
892,random,47070
892,score,50010
892,treat_all,59755
892,causal,50010
893,random,47042
893,score,50092
893,causal,50092
893,treat_all,59979
893,treat_none,45684
894,random,47120
894,treat_all,59837
894,treat_none,45730
894,causal,50168
894,score,50168
895,treat_none,45777
895,causal,50193
895,treat_all,59723
895,random,47101
895,score,50193
896,treat_all,60026
896,score,50425
896,treat_none,45990
896,random,47380
896,causal,50425
897,random,47139
897,causal,50198
897,treat_none,45734
897,score,50198
897,treat_all,59807
898,causal,49949
898,treat_all,59579
898,score,49949
898,random,47001
898,treat_none,45561
899,random,46990
899,treat_all,59867
899,causal,49942
899,treat_none,45529
899,score,49942
900,treat_all,60255
900,causal,50370
900,score,50370
900,random,47414
900,treat_none,45941
901,score,50340
901,treat_none,45866
901,random,47281
901,causal,50340
901,treat_all,60059
902,random,47208
902,score,50246
902,treat_all,59978
902,causal,50246
902,treat_none,45787
903,treat_all,59784
903,causal,49899
903,treat_none,45494
903,score,49899
903,random,46953
904,treat_all,59853
904,causal,50000
904,random,47001
904,treat_none,45609
904,score,50000
905,score,49840
905,causal,49840
905,random,46838
905,treat_none,45461
905,treat_all,59617
906,causal,49863
906,random,46921
906,treat_none,45502
906,treat_all,59723
906,score,49863
907,treat_none,45590
907,causal,49994
907,random,46977
907,treat_all,59907
907,score,49994
908,treat_all,59996
908,random,47272
908,score,50327
908,causal,50327
908,treat_none,45858
909,treat_all,59935
909,causal,50131
909,score,50131
909,treat_none,45822
909,random,47203
910,treat_none,45714
910,causal,50137
910,score,50137
910,random,47173
910,treat_all,59866
911,score,50075
911,random,47173
911,causal,50075
911,treat_none,45712
911,treat_all,59875
912,treat_all,59712
912,random,47002
912,score,50054
912,treat_none,45641
912,causal,50054
913,random,47067
913,treat_all,59701
913,causal,49939
913,treat_none,45513
913,score,49939
914,causal,50254
914,random,47185
914,treat_none,45831
914,score,50254
914,treat_all,60131
915,causal,50271
915,treat_none,45871
915,random,47294
915,treat_all,59912
915,score,50271
916,random,47078
916,causal,50039
916,treat_none,45638
916,score,50039
916,treat_all,59556
917,causal,50055
917,random,47208
917,score,50055
917,treat_all,60010
917,treat_none,45753
918,treat_all,59582
918,random,46822
918,causal,49818
918,treat_none,45448
918,score,49818
919,causal,50000
919,treat_none,45650
919,treat_all,59828
919,random,47041
919,score,50000
920,random,46979
920,score,49981
920,causal,49981
920,treat_none,45571
920,treat_all,59810
921,causal,50014
921,treat_none,45582
921,treat_all,59903
921,score,50014
921,random,47053
922,score,50251
922,treat_none,45874
922,treat_all,60118
922,random,47265
922,causal,50251
923,treat_all,59611
923,treat_none,45573
923,random,47028
923,score,49927
923,causal,49927
924,score,49965
924,treat_none,45611
924,treat_all,59856
924,causal,49965
924,random,47026
925,treat_all,59833
925,treat_none,45929
925,random,47303
925,causal,50292
925,score,50292
926,treat_none,45568
926,treat_all,59867
926,random,46922
926,causal,50018
926,score,50018
927,treat_none,45586
927,causal,50091
927,score,50091
927,random,46943
927,treat_all,59840
928,treat_none,45971
928,treat_all,60186
928,random,47300
928,score,50348
928,causal,50348
929,score,50239
929,treat_none,45775
929,random,47270
929,causal,50239
929,treat_all,59987
930,treat_none,45818
930,random,47255
930,causal,50160
930,treat_all,59988
930,score,50160
931,treat_all,59976
931,treat_none,45671
931,score,50142
931,random,47104
931,causal,50142
932,causal,50214
932,score,50214
932,random,47217
932,treat_all,59925
932,treat_none,45835
933,causal,49812
933,treat_all,59456
933,score,49812
933,treat_none,45542
933,random,46853
934,treat_all,59831
934,causal,50192
934,random,47151
934,treat_none,45824
934,score,50192
935,treat_all,59921
935,random,47138
935,score,50161
935,causal,50161
935,treat_none,45767
936,score,50120
936,random,47090
936,treat_none,45724
936,causal,50120
936,treat_all,59876
937,treat_all,59864
937,random,47159
937,causal,50129
937,score,50129
937,treat_none,45705
938,treat_all,60107
938,causal,50332
938,score,50332
938,treat_none,45938
938,random,47360
939,causal,49792
939,treat_none,45489
939,treat_all,59741
939,random,46894
939,score,49792
940,score,49969
940,treat_none,45541
940,treat_all,59973
940,random,46928
940,causal,49969
941,random,47299
941,causal,50270
941,treat_none,45830
941,treat_all,60068
941,score,50270
942,treat_none,45530
942,causal,49884
942,treat_all,59583
942,random,46954
942,score,49884
943,score,50435
943,treat_all,60052
943,treat_none,45953
943,random,47440
943,causal,50435
944,random,47466
944,score,50420
944,causal,50420
944,treat_all,60087
944,treat_none,46033
945,treat_none,45836
945,treat_all,59971
945,random,47249
945,score,50222
945,causal,50222
946,random,47119
946,treat_all,59964
946,score,50149
946,causal,50149
946,treat_none,45778
947,treat_all,59738
947,score,50159
947,causal,50159
947,treat_none,45829
947,random,47169
948,treat_all,60195
948,random,47319
948,score,50391
948,treat_none,45930
948,causal,50391
949,treat_all,60012
949,treat_none,45821
949,causal,50233
949,score,50233
949,random,47304
950,score,50283
950,treat_all,59948
950,random,47194
950,causal,50283
950,treat_none,45882
951,score,49909
951,treat_none,45602
951,treat_all,59511
951,causal,49909
951,random,46979
952,score,50282
952,causal,50282
952,random,47247
952,treat_all,60082
952,treat_none,45816
953,score,50566
953,treat_none,46149
953,random,47510
953,causal,50566
953,treat_all,60135
954,treat_none,45524
954,score,49900
954,causal,49900
954,treat_all,59931
954,random,47049
955,causal,50123
955,random,47173
955,treat_all,59764
955,treat_none,45755
955,score,50123
956,causal,50127
956,random,47099
956,treat_none,45713
956,score,50127
956,treat_all,59952
957,score,49853
957,treat_none,45503
957,causal,49853
957,random,46924
957,treat_all,59667
958,score,50261
958,causal,50261
958,treat_none,45809
958,random,47254
958,treat_all,60056
959,treat_all,59847
959,causal,49974
959,treat_none,45590
959,random,46924
959,score,49974
960,score,50029
960,treat_all,59769
960,causal,50029
960,treat_none,45629
960,random,47081
961,random,46881
961,treat_all,59764
961,causal,49962
961,treat_none,45457
961,score,49962
962,random,47082
962,score,50226
962,treat_all,59996
962,causal,50226
962,treat_none,45716
963,score,50120
963,random,47208
963,treat_all,60026
963,treat_none,45736
963,causal,50120
964,random,47252
964,treat_all,60049
964,causal,50196
964,treat_none,45861
964,score,50196
965,random,47076
965,treat_none,45711
965,treat_all,59867
965,causal,50193
965,score,50193
966,treat_all,59698
966,random,46974
966,causal,50006
966,treat_none,45570
966,score,50006
967,causal,50059
967,treat_none,45647
967,score,50059
967,treat_all,59759
967,random,47066
968,treat_all,59709
968,treat_none,45738
968,random,47063
968,causal,50098
968,score,50098
969,treat_none,45801
969,treat_all,59935
969,causal,50168
969,score,50168
969,random,47161
970,causal,50182
970,treat_none,45753
970,random,47238
970,treat_all,59956
970,score,50182
971,causal,49897
971,treat_none,45430
971,random,46837
971,score,49897
971,treat_all,59661
972,random,47096
972,treat_none,45666
972,score,50099
972,treat_all,59942
972,causal,50099
973,random,47168
973,causal,50161
973,treat_none,45750
973,score,50161
973,treat_all,59831
974,treat_none,45482
974,random,46956
974,causal,49905
974,treat_all,59618
974,score,49905
975,treat_none,45603
975,causal,50033
975,treat_all,59730
975,score,50033
975,random,46979
976,treat_all,59899
976,treat_none,45771
976,causal,50112
976,score,50112
976,random,47113
977,random,47086
977,treat_all,59811
977,score,50095
977,causal,50095
977,treat_none,45603
978,treat_all,59933
978,random,47014
978,score,49912
978,causal,49912
978,treat_none,45617
979,random,47176
979,treat_all,60107
979,score,50127
979,causal,50127
979,treat_none,45754
980,treat_none,45899
980,random,47371
980,treat_all,59923
980,causal,50339
980,score,50339
981,score,49954
981,causal,49954
981,treat_none,45532
981,treat_all,59902
981,random,46964
982,treat_none,45583
982,causal,49954
982,treat_all,60042
982,random,47020
982,score,49954
983,causal,50276
983,random,47257
983,score,50276
983,treat_all,59991
983,treat_none,45863
984,random,47001
984,treat_all,59771
984,treat_none,45510
984,score,49894
984,causal,49894
985,score,50044
985,random,47143
985,treat_all,59875
985,treat_none,45692
985,causal,50044
986,treat_none,45932
986,random,47355
986,treat_all,60136
986,score,50293
986,causal,50293
987,score,49856
987,treat_none,45508
987,causal,49856
987,random,46976
987,treat_all,59856
988,causal,50186
988,random,47205
988,score,50186
988,treat_none,45781
988,treat_all,59965
989,score,49944
989,treat_all,59655
989,treat_none,45570
989,causal,49944
989,random,47048
990,random,46856
990,score,49890
990,causal,49890
990,treat_none,45458
990,treat_all,59638
991,score,50239
991,causal,50239
991,treat_none,45790
991,treat_all,60102
991,random,47257
992,score,50169
992,causal,50169
992,treat_none,45707
992,treat_all,59935
992,random,47179
993,random,47133
993,causal,50114
993,treat_all,59787
993,treat_none,45680
993,score,50114
994,causal,50312
994,random,47300
994,treat_none,45913
994,score,50312
994,treat_all,60082
995,causal,50041
995,score,50041
995,random,47065
995,treat_all,59716
995,treat_none,45679
996,score,50407
996,treat_none,45909
996,causal,50407
996,random,47371
996,treat_all,60007
997,treat_none,45891
997,treat_all,59916
997,random,47295
997,causal,50317
997,score,50317
998,treat_all,59826
998,score,50126
998,random,47174
998,causal,50126
998,treat_none,45753
999,score,50115
999,treat_all,60017
999,treat_none,45703
999,random,47108
999,causal,50115
